Ask Price,Ask Volume,Bid Price,Bid Volume,Chg Pct,Chg,Code,DY,Date,High,Last Price,Low,Market Cap,Name,Number of Records,Open,PE,Quote,ROE,Sector,Update Date,Volume
2.66,10040,2.65,109,-1.48,-0.04,5099,24.06,31/3/2019,2.71,2.66,2.62,8890,MAINAIRASIA GROUP BERHAD,1,2.71,4.39,AIRASIA,32.57,"Travel, Leisure & Hospitality",31/3/2019 13:13,139001
0.29,118,0.275,201,0,0,191,4.56,31/3/2019,,0.29,,50,ACECABNET HOLDINGS BERHAD,1,,10.8,CABNET,10.04,Technology Equipment,31/3/2019 13:13,0
0.06,74660,0.055,13290,0,0,7243,,31/3/2019,0.06,0.06,0.055,47,MAINBIO OSMO BERHAD,1,0.055,,BIOOSMO,,Food & Beverages,31/3/2019 13:13,8640
1.39,3981,1.38,15214,0.72,0.01,5141,,31/3/2019,1.43,1.39,1.38,1341,MAINDAYANG ENTERPRISE HOLDINGS BERHAD,1,1.38,8.18,DAYANG,14.53,"Energy Infrastructure, Equipment & Services",31/3/2019 13:13,211910
1.39,3981,1.38,15214,0.72,0.01,5141,,30/3/2019,1.43,1.39,1.38,1341,MAINDAYANG ENTERPRISE HOLDINGS BERHAD,1,1.38,8.18,DAYANG,14.53,"Energy Infrastructure, Equipment & Services",30/3/2019 13:11,211910
2.66,10040,2.65,109,-1.48,-0.04,5099,24.06,30/3/2019,2.71,2.66,2.62,8890,MAINAIRASIA GROUP BERHAD,1,2.71,4.39,AIRASIA,32.57,"Travel, Leisure & Hospitality",30/3/2019 13:11,139001
0.29,118,0.275,201,0,0,191,4.56,30/3/2019,,0.29,,50,ACECABNET HOLDINGS BERHAD,1,,10.8,CABNET,10.04,Technology Equipment,30/3/2019 13:11,0
0.06,74660,0.055,13290,0,0,7243,,30/3/2019,0.06,0.06,0.055,47,MAINBIO OSMO BERHAD,1,0.055,,BIOOSMO,,Food & Beverages,30/3/2019 13:11,8640
0.29,118,0.275,201,0,0,191,4.56,29/3/2019,,0.29,,50,ACECABNET HOLDINGS BERHAD,1,,10.8,CABNET,10.04,Technology Equipment,29/3/2019 13:11,0
1.39,3981,1.38,15214,0.72,0.01,5141,,29/3/2019,1.43,1.39,1.38,1341,MAINDAYANG ENTERPRISE HOLDINGS BERHAD,1,1.38,8.18,DAYANG,14.53,"Energy Infrastructure, Equipment & Services",29/3/2019 13:11,211910
2.66,10040,2.65,109,-1.48,-0.04,5099,24.06,29/3/2019,2.71,2.66,2.62,8890,MAINAIRASIA GROUP BERHAD,1,2.71,4.39,AIRASIA,32.57,"Travel, Leisure & Hospitality",29/3/2019 13:11,139001
0.06,74660,0.055,13290,0,0,7243,,29/3/2019,0.06,0.06,0.055,47,MAINBIO OSMO BERHAD,1,0.055,,BIOOSMO,,Food & Beverages,29/3/2019 13:11,8640
0.285,95,0.27,300,3.64,0.01,191,4.56,28/3/2019,0.285,0.29,0.275,50,ACECABNET HOLDINGS BERHAD,1,0.275,10.8,CABNET,10.04,Technology Equipment,28/3/2019 13:11,170
1.38,5002,1.37,8628,-0.72,-0.01,5141,,28/3/2019,1.4,1.38,1.36,1331,MAINDAYANG ENTERPRISE HOLDINGS BERHAD,1,1.39,8.12,DAYANG,14.53,"Energy Infrastructure, Equipment & Services",28/3/2019 13:11,171938
0.06,73685,0.055,4371,20,0.01,7243,,28/3/2019,0.06,0.06,0.05,47,MAINBIO OSMO BERHAD,1,0.055,,BIOOSMO,,Food & Beverages,28/3/2019 13:11,11339
2.71,206,2.7,1269,0,0,5099,23.7,28/3/2019,2.73,2.7,2.69,9023,MAINAIRASIA GROUP BERHAD,1,2.71,4.46,AIRASIA,32.57,"Travel, Leisure & Hospitality",28/3/2019 13:11,47270
0.055,7,0.05,121201,-16.67,-0.01,7243,,27/3/2019,0.06,0.05,0.05,39,MAINBIO OSMO BERHAD,1,0.055,,BIOOSMO,,Food & Beverages,27/3/2019 13:11,49163
2.72,20,2.7,7467,-1.46,-0.04,5099,23.7,27/3/2019,2.75,2.7,2.7,9023,MAINAIRASIA GROUP BERHAD,1,2.75,4.46,AIRASIA,32.57,"Travel, Leisure & Hospitality",27/3/2019 13:11,23001
1.4,3570,1.39,1806,3.73,0.05,5141,,27/3/2019,1.44,1.39,1.35,1341,MAINDAYANG ENTERPRISE HOLDINGS BERHAD,1,1.37,8.18,DAYANG,14.53,"Energy Infrastructure, Equipment & Services",27/3/2019 13:11,625986
0.285,200,0.275,168,-5.17,-0.015,191,4.73,27/3/2019,0.28,0.28,0.27,49,ACECABNET HOLDINGS BERHAD,1,0.27,10.42,CABNET,10.04,Technology Equipment,27/3/2019 13:11,560
0.06,71498,0.055,3000,9.09,0.005,7243,,26/3/2019,0.06,0.06,0.05,47,MAINBIO OSMO BERHAD,1,0.055,,BIOOSMO,,Food & Beverages,26/3/2019 13:12,32550
1.34,1059,1.33,10230,-0.74,-0.01,5141,,26/3/2019,1.38,1.34,1.32,1293,MAINDAYANG ENTERPRISE HOLDINGS BERHAD,1,1.38,7.88,DAYANG,14.53,"Energy Infrastructure, Equipment & Services",26/3/2019 13:12,244735
2.74,774,2.73,2444,1.11,0.03,5099,23.36,26/3/2019,2.75,2.74,2.73,9157,MAINAIRASIA GROUP BERHAD,1,2.73,4.52,AIRASIA,32.57,"Travel, Leisure & Hospitality",26/3/2019 13:12,30082
0.29,100,0.27,329,-1.69,-0.005,191,4.48,26/3/2019,0.29,0.29,0.27,51,ACECABNET HOLDINGS BERHAD,1,0.275,10.98,CABNET,10.04,Technology Equipment,26/3/2019 13:12,220
1.35,2313,1.33,14544,1.5,0.02,5141,,25/3/2019,1.39,1.35,1.26,1302,MAINDAYANG ENTERPRISE HOLDINGS BERHAD,1,1.27,7.94,DAYANG,14.53,"Energy Infrastructure, Equipment & Services",25/3/2019 13:09,558556
2.73,50,2.71,5839,-2.87,-0.08,5099,23.62,25/3/2019,2.76,2.71,2.71,9057,MAINAIRASIA GROUP BERHAD,1,2.74,4.47,AIRASIA,32.57,"Travel, Leisure & Hospitality",25/3/2019 13:09,78007
0.055,27890,0.05,79001,0,0,7243,,25/3/2019,0.055,0.06,0.05,43,MAINBIO OSMO BERHAD,1,0.055,,BIOOSMO,,Food & Beverages,25/3/2019 13:09,4430
0.29,150,0.275,154,3.51,0.01,191,4.41,25/3/2019,0.3,0.3,0.27,52,ACECABNET HOLDINGS BERHAD,1,0.3,11.17,CABNET,10.04,Technology Equipment,25/3/2019 13:09,505
2.79,441,2.77,60,0.72,0.02,5099,22.94,24/3/2019,2.8,2.79,2.74,9324,MAINAIRASIA GROUP BERHAD,1,2.8,4.61,AIRASIA,32.57,"Travel, Leisure & Hospitality",24/3/2019 13:13,39986
0.06,83730,0.055,4243,0,0,7243,,24/3/2019,0.055,0.06,0.05,43,MAINBIO OSMO BERHAD,1,0.055,,BIOOSMO,,Food & Beverages,24/3/2019 13:13,33606
1.33,7488,1.32,4432,-4.32,-0.06,5141,,24/3/2019,1.41,1.33,1.3,1283,MAINDAYANG ENTERPRISE HOLDINGS BERHAD,1,1.4,7.82,DAYANG,14.53,"Energy Infrastructure, Equipment & Services",24/3/2019 13:13,513045
0.3,100,0.285,79,0,0,191,4.56,24/3/2019,0.295,0.29,0.285,50,ACECABNET HOLDINGS BERHAD,1,0.285,10.8,CABNET,10.04,Technology Equipment,24/3/2019 13:13,1267
1.33,7488,1.32,4432,-4.32,-0.06,5141,,23/3/2019,1.41,1.33,1.3,1283,MAINDAYANG ENTERPRISE HOLDINGS BERHAD,1,1.4,7.82,DAYANG,14.53,"Energy Infrastructure, Equipment & Services",23/3/2019 13:13,513045
0.3,100,0.285,79,0,0,191,4.56,23/3/2019,0.295,0.29,0.285,50,ACECABNET HOLDINGS BERHAD,1,0.285,10.8,CABNET,10.04,Technology Equipment,23/3/2019 13:13,1267
0.06,83730,0.055,4243,0,0,7243,,23/3/2019,0.055,0.06,0.05,43,MAINBIO OSMO BERHAD,1,0.055,,BIOOSMO,,Food & Beverages,23/3/2019 13:13,33606
2.79,441,2.77,60,0.72,0.02,5099,22.94,23/3/2019,2.8,2.79,2.74,9324,MAINAIRASIA GROUP BERHAD,1,2.8,4.61,AIRASIA,32.57,"Travel, Leisure & Hospitality",23/3/2019 13:13,39986
2.79,441,2.77,60,0.72,0.02,5099,22.94,22/3/2019,2.8,2.79,2.74,9324,MAINAIRASIA GROUP BERHAD,1,2.8,4.61,AIRASIA,32.57,"Travel, Leisure & Hospitality",22/3/2019 13:13,39986
1.33,7488,1.32,4432,-4.32,-0.06,5141,,22/3/2019,1.41,1.33,1.3,1283,MAINDAYANG ENTERPRISE HOLDINGS BERHAD,1,1.4,7.82,DAYANG,14.53,"Energy Infrastructure, Equipment & Services",22/3/2019 13:13,513045
0.06,83730,0.055,4243,0,0,7243,,22/3/2019,0.055,0.06,0.05,43,MAINBIO OSMO BERHAD,1,0.055,,BIOOSMO,,Food & Beverages,22/3/2019 13:13,33606
0.3,100,0.285,79,0,0,191,4.56,22/3/2019,0.295,0.29,0.285,50,ACECABNET HOLDINGS BERHAD,1,0.285,10.8,CABNET,10.04,Technology Equipment,22/3/2019 13:13,1267
1.39,4610,1.38,5645,-1.42,-0.02,5141,,21/3/2019,1.44,1.39,1.37,1341,MAINDAYANG ENTERPRISE HOLDINGS BERHAD,1,1.43,8.18,DAYANG,14.53,"Energy Infrastructure, Equipment & Services",21/3/2019 13:12,292796
0.06,88844,0.055,17529,0,0,7243,,21/3/2019,0.055,0.06,0.055,43,MAINBIO OSMO BERHAD,1,0.055,,BIOOSMO,,Food & Beverages,21/3/2019 13:12,22300
2.78,360,2.77,411,-0.72,-0.02,5099,23.1,21/3/2019,2.81,2.77,2.76,9257,MAINAIRASIA GROUP BERHAD,1,2.8,4.57,AIRASIA,32.57,"Travel, Leisure & Hospitality",21/3/2019 13:12,40498
0.3,100,0.285,603,-3.39,-0.01,191,4.56,21/3/2019,0.295,0.29,0.285,50,ACECABNET HOLDINGS BERHAD,1,0.295,10.8,CABNET,10.04,Technology Equipment,21/3/2019 13:12,1699
0.3,390,0.295,613,0,0,191,4.41,20/3/2019,0.3,0.3,0.29,52,ACECABNET HOLDINGS BERHAD,1,0.29,11.17,CABNET,10.04,Technology Equipment,20/3/2019 13:12,1375
2.79,642,2.78,3414,-1.06,-0.03,5099,22.94,20/3/2019,2.81,2.79,2.77,9324,MAINAIRASIA GROUP BERHAD,1,2.8,4.61,AIRASIA,32.57,"Travel, Leisure & Hospitality",20/3/2019 13:12,41357
1.42,7649,1.41,11417,2.17,0.03,5141,,20/3/2019,1.45,1.41,1.33,1360,MAINDAYANG ENTERPRISE HOLDINGS BERHAD,1,1.36,8.29,DAYANG,14.53,"Energy Infrastructure, Equipment & Services",20/3/2019 13:12,701749
0.06,92839,0.055,40933,0,0,7243,,20/3/2019,0.055,0.06,0.055,43,MAINBIO OSMO BERHAD,1,0.055,,BIOOSMO,,Food & Beverages,20/3/2019 13:12,16599
0.06,102839,0.055,52670,-8.33,-0.005,7243,,19/3/2019,0.06,0.06,0.055,43,MAINBIO OSMO BERHAD,1,0.06,,BIOOSMO,,Food & Beverages,19/3/2019 13:11,13243
2.82,282,2.8,675,1.08,0.03,5099,22.7,19/3/2019,2.87,2.82,2.77,9424,MAINAIRASIA GROUP BERHAD,1,2.79,4.66,AIRASIA,32.57,"Travel, Leisure & Hospitality",19/3/2019 13:11,92127
1.38,4907,1.37,2939,-14.81,-0.24,5141,,19/3/2019,1.59,1.38,1.36,1331,MAINDAYANG ENTERPRISE HOLDINGS BERHAD,1,1.56,8.12,DAYANG,14.53,"Energy Infrastructure, Equipment & Services",19/3/2019 13:11,1063583
0.3,173,0.295,108,-1.67,-0.005,191,4.41,19/3/2019,0.31,0.3,0.295,52,ACECABNET HOLDINGS BERHAD,1,0.305,11.17,CABNET,10.04,Technology Equipment,19/3/2019 13:11,1611
0.305,95,0.3,62,-1.64,-0.005,191,4.33,18/3/2019,0.32,0.3,0.295,53,ACECABNET HOLDINGS BERHAD,1,0.3,11.36,CABNET,10.04,Technology Equipment,18/3/2019 13:09,1902
1.62,1506,1.61,2117,-5.26,-0.09,5141,,18/3/2019,1.74,1.62,1.58,1563,MAINDAYANG ENTERPRISE HOLDINGS BERHAD,1,1.74,9.53,DAYANG,14.53,"Energy Infrastructure, Equipment & Services",18/3/2019 13:09,562949
0.06,83808,0.055,57612,0,0,7243,,18/3/2019,0.06,0.06,0.055,47,MAINBIO OSMO BERHAD,1,0.055,,BIOOSMO,,Food & Beverages,18/3/2019 13:09,6060
2.79,33,2.78,3648,0,0,5099,22.94,18/3/2019,2.81,2.79,2.77,9324,MAINAIRASIA GROUP BERHAD,1,2.8,4.61,AIRASIA,32.57,"Travel, Leisure & Hospitality",18/3/2019 13:09,32303
1.72,12859,1.71,208,1.18,0.02,5141,,17/3/2019,1.73,1.71,1.63,1650,MAINDAYANG ENTERPRISE HOLDINGS BERHAD,1,1.68,10.06,DAYANG,14.53,"Energy Infrastructure, Equipment & Services",17/3/2019 13:12,261124
0.31,610,0.305,115,-1.61,-0.005,191,4.26,17/3/2019,0.305,0.31,0.295,54,ACECABNET HOLDINGS BERHAD,1,0.3,11.55,CABNET,10.04,Technology Equipment,17/3/2019 13:12,2218
2.79,721,2.75,100,1.09,0.03,5099,22.94,17/3/2019,2.79,2.79,2.73,9324,MAINAIRASIA GROUP BERHAD,1,2.78,4.61,AIRASIA,32.57,"Travel, Leisure & Hospitality",17/3/2019 13:12,89842
0.06,71478,0.055,44680,0,0,7243,,17/3/2019,0.06,0.06,0.055,47,MAINBIO OSMO BERHAD,1,0.055,,BIOOSMO,,Food & Beverages,17/3/2019 13:12,61089
0.06,71478,0.055,44680,0,0,7243,,16/3/2019,0.06,0.06,0.055,47,MAINBIO OSMO BERHAD,1,0.055,,BIOOSMO,,Food & Beverages,16/3/2019 13:14,61089
1.72,12859,1.71,208,1.18,0.02,5141,,16/3/2019,1.73,1.71,1.63,1650,MAINDAYANG ENTERPRISE HOLDINGS BERHAD,1,1.68,10.06,DAYANG,14.53,"Energy Infrastructure, Equipment & Services",16/3/2019 13:14,261124
2.79,721,2.75,100,1.09,0.03,5099,22.94,16/3/2019,2.79,2.79,2.73,9324,MAINAIRASIA GROUP BERHAD,1,2.78,4.61,AIRASIA,32.57,"Travel, Leisure & Hospitality",16/3/2019 13:14,89842
0.31,610,0.305,115,-1.61,-0.005,191,4.26,16/3/2019,0.305,0.31,0.295,54,ACECABNET HOLDINGS BERHAD,1,0.3,11.55,CABNET,10.04,Technology Equipment,16/3/2019 13:14,2218
0.31,610,0.305,115,-1.61,-0.005,191,4.26,15/3/2019,0.305,0.31,0.295,54,ACECABNET HOLDINGS BERHAD,1,0.3,11.55,CABNET,10.04,Technology Equipment,15/3/2019 13:15,2218
2.79,721,2.75,100,1.09,0.03,5099,22.94,15/3/2019,2.79,2.79,2.73,9324,MAINAIRASIA GROUP BERHAD,1,2.78,4.61,AIRASIA,32.57,"Travel, Leisure & Hospitality",15/3/2019 13:15,89842
0.06,71478,0.055,44680,0,0,7243,,15/3/2019,0.06,0.06,0.055,47,MAINBIO OSMO BERHAD,1,0.055,,BIOOSMO,,Food & Beverages,15/3/2019 13:15,61089
1.72,12859,1.71,208,1.18,0.02,5141,,15/3/2019,1.73,1.71,1.63,1650,MAINDAYANG ENTERPRISE HOLDINGS BERHAD,1,1.68,10.06,DAYANG,14.53,"Energy Infrastructure, Equipment & Services",15/3/2019 13:15,261124
0.31,190,0.3,179,-1.59,-0.005,191,4.19,14/3/2019,0.325,0.31,0.295,55,ACECABNET HOLDINGS BERHAD,1,0.315,11.74,CABNET,10.04,Technology Equipment,14/3/2019 13:13,1343
1.69,841,1.68,430,0,0,5141,,14/3/2019,1.75,1.69,1.66,1631,MAINDAYANG ENTERPRISE HOLDINGS BERHAD,1,1.73,9.94,DAYANG,14.53,"Energy Infrastructure, Equipment & Services",14/3/2019 13:13,421702
2.77,230,2.76,1005,-1.08,-0.03,5099,23.19,14/3/2019,2.82,2.76,2.76,9224,MAINAIRASIA GROUP BERHAD,1,2.8,4.56,AIRASIA,32.57,"Travel, Leisure & Hospitality",14/3/2019 13:13,55938
0.06,67998,0.055,45588,0,0,7243,,14/3/2019,0.06,0.06,0.055,47,MAINBIO OSMO BERHAD,1,0.055,,BIOOSMO,,Food & Beverages,14/3/2019 13:13,18780
2.79,2661,2.78,283,1.82,0.05,5099,22.94,13/3/2019,2.83,2.79,2.74,9324,MAINAIRASIA GROUP BERHAD,1,2.77,4.61,AIRASIA,32.57,"Travel, Leisure & Hospitality",13/3/2019 13:14,82846
0.315,200,0.295,2166,1.61,0.005,191,4.13,13/3/2019,0.315,0.32,0.295,56,ACECABNET HOLDINGS BERHAD,1,0.305,11.93,CABNET,10.04,Technology Equipment,13/3/2019 13:14,751
0.06,89258,0.055,20890,9.09,0.005,7243,,13/3/2019,0.06,0.06,0.055,47,MAINBIO OSMO BERHAD,1,0.055,,BIOOSMO,,Food & Beverages,13/3/2019 13:14,1150
1.7,13300,1.69,4246,2.42,0.04,5141,,13/3/2019,1.71,1.69,1.6,1631,MAINDAYANG ENTERPRISE HOLDINGS BERHAD,1,1.69,9.94,DAYANG,14.53,"Energy Infrastructure, Equipment & Services",13/3/2019 13:14,397702
2.75,100,2.74,1848,-1.08,-0.03,5099,23.36,12/3/2019,2.79,2.74,2.73,9157,MAINAIRASIA GROUP BERHAD,1,2.77,4.52,AIRASIA,32.57,"Travel, Leisure & Hospitality",12/3/2019 13:18,48540
0.31,195,0.295,602,0,0,191,4.19,12/3/2019,0.31,0.31,0.29,55,ACECABNET HOLDINGS BERHAD,1,0.31,11.74,CABNET,10.04,Technology Equipment,12/3/2019 13:18,1497
0.06,79558,0.055,18237,0,0,7243,,12/3/2019,0.055,0.06,0.055,43,MAINBIO OSMO BERHAD,1,0.055,,BIOOSMO,,Food & Beverages,12/3/2019 13:18,20413
1.66,5271,1.65,9492,8.55,0.13,5141,,12/3/2019,1.65,1.65,1.55,1592,MAINDAYANG ENTERPRISE HOLDINGS BERHAD,1,1.59,9.71,DAYANG,14.53,"Energy Infrastructure, Equipment & Services",12/3/2019 13:18,377399
0.055,14363,0.05,77702,-8.33,-0.005,7243,,11/3/2019,0.055,0.06,0.055,43,MAINBIO OSMO BERHAD,1,0.055,,BIOOSMO,,Food & Beverages,11/3/2019 13:15,50075
2.77,112,2.76,3227,0.73,0.02,5099,18.77,11/3/2019,2.79,2.77,2.75,9257,MAINAIRASIA GROUP BERHAD,1,2.76,4.57,AIRASIA,32.57,"Travel, Leisure & Hospitality",11/3/2019 13:15,68880
1.53,3640,1.52,17439,-3.8,-0.06,5141,,11/3/2019,1.71,1.52,1.47,1467,MAINDAYANG ENTERPRISE HOLDINGS BERHAD,1,1.62,8.94,DAYANG,14.53,"Energy Infrastructure, Equipment & Services",11/3/2019 13:15,1278136
0.31,315,0.3,110,0,0,191,4.19,11/3/2019,0.32,0.31,0.3,55,ACECABNET HOLDINGS BERHAD,1,0.32,11.74,CABNET,10.04,Technology Equipment,11/3/2019 13:15,898
2.87,2054,2.86,3754,1.41,0.04,5099,18.12,10/3/2019,2.9,2.87,2.83,9591,MAINAIRASIA GROUP BERHAD,1,2.84,4.74,AIRASIA,32.57,"Travel, Leisure & Hospitality",10/3/2019 13:16,103606
0.06,68178,0.055,53909,9.09,0.005,7243,,10/3/2019,0.06,0.06,0.055,47,MAINBIO OSMO BERHAD,1,0.055,,BIOOSMO,,Food & Beverages,10/3/2019 13:16,17252
0.31,204,0.305,100,5.08,0.015,191,4.19,10/3/2019,0.325,0.31,0.3,55,ACECABNET HOLDINGS BERHAD,1,0.3,11.74,CABNET,10.04,Technology Equipment,10/3/2019 13:16,7262
1.59,626,1.58,952,12.86,0.18,5141,,10/3/2019,1.63,1.58,1.41,1524,MAINDAYANG ENTERPRISE HOLDINGS BERHAD,1,1.41,9.29,DAYANG,14.53,"Energy Infrastructure, Equipment & Services",10/3/2019 13:16,929577
0.31,204,0.305,100,5.08,0.015,191,4.19,9/3/2019,0.325,0.31,0.3,55,ACECABNET HOLDINGS BERHAD,1,0.3,11.74,CABNET,10.04,Technology Equipment,9/3/2019 13:14,7262
0.06,68178,0.055,53909,9.09,0.005,7243,,9/3/2019,0.06,0.06,0.055,47,MAINBIO OSMO BERHAD,1,0.055,,BIOOSMO,,Food & Beverages,9/3/2019 13:14,17252
1.59,626,1.58,952,12.86,0.18,5141,,9/3/2019,1.63,1.58,1.41,1524,MAINDAYANG ENTERPRISE HOLDINGS BERHAD,1,1.41,9.29,DAYANG,14.53,"Energy Infrastructure, Equipment & Services",9/3/2019 13:14,929577
2.87,2054,2.86,3754,1.41,0.04,5099,18.12,9/3/2019,2.9,2.87,2.83,9591,MAINAIRASIA GROUP BERHAD,1,2.84,4.74,AIRASIA,32.57,"Travel, Leisure & Hospitality",9/3/2019 13:14,103606
0.06,68178,0.055,53909,9.09,0.005,7243,,8/3/2019,0.06,0.06,0.055,47,MAINBIO OSMO BERHAD,1,0.055,,BIOOSMO,,Food & Beverages,8/3/2019 13:11,17252
1.59,626,1.58,952,12.86,0.18,5141,,8/3/2019,1.63,1.58,1.41,1524,MAINDAYANG ENTERPRISE HOLDINGS BERHAD,1,1.41,9.29,DAYANG,14.53,"Energy Infrastructure, Equipment & Services",8/3/2019 13:11,929577
0.31,204,0.305,100,5.08,0.015,191,4.19,8/3/2019,0.325,0.31,0.3,55,ACECABNET HOLDINGS BERHAD,1,0.3,11.74,CABNET,10.04,Technology Equipment,8/3/2019 13:11,7262
2.87,2054,2.86,3754,1.41,0.04,5099,18.12,8/3/2019,2.9,2.87,2.83,9591,MAINAIRASIA GROUP BERHAD,1,2.84,4.74,AIRASIA,32.57,"Travel, Leisure & Hospitality",8/3/2019 13:11,103606
0.295,106,0.29,1821,0,0,191,4.41,7/3/2019,0.3,0.3,0.28,52,ACECABNET HOLDINGS BERHAD,1,0.285,11.17,CABNET,10.04,Technology Equipment,7/3/2019 13:14,5806
1.41,11699,1.4,12198,1.45,0.02,5141,,7/3/2019,1.41,1.4,1.36,1351,MAINDAYANG ENTERPRISE HOLDINGS BERHAD,1,1.39,8.24,DAYANG,14.53,"Energy Infrastructure, Equipment & Services",7/3/2019 13:14,247450
2.84,10,2.83,1180,1.07,0.03,5099,18.37,7/3/2019,2.88,2.83,2.8,9458,MAINAIRASIA GROUP BERHAD,1,2.8,4.67,AIRASIA,32.57,"Travel, Leisure & Hospitality",7/3/2019 13:14,136838
0.06,42010,0.055,61299,-8.33,-0.005,7243,,7/3/2019,0.06,0.06,0.055,43,MAINBIO OSMO BERHAD,1,0.055,,BIOOSMO,,Food & Beverages,7/3/2019 13:14,6390
0.295,191,0.285,589,0,0,191,4.41,6/3/2019,0.3,0.3,0.285,52,ACECABNET HOLDINGS BERHAD,1,0.295,11.17,CABNET,10.04,Technology Equipment,6/3/2019 13:15,1135
1.38,4366,1.37,8873,5.34,0.07,5141,,6/3/2019,1.43,1.38,1.3,1331,MAINDAYANG ENTERPRISE HOLDINGS BERHAD,1,1.31,8.12,DAYANG,14.53,"Energy Infrastructure, Equipment & Services",6/3/2019 13:15,552370
0.06,39210,0.055,57741,9.09,0.005,7243,,6/3/2019,0.06,0.06,0.055,47,MAINBIO OSMO BERHAD,1,0.06,,BIOOSMO,,Food & Beverages,6/3/2019 13:15,7800
2.81,2158,2.8,1685,0.36,0.01,5099,18.57,6/3/2019,2.82,2.8,2.78,9358,MAINAIRASIA GROUP BERHAD,1,2.8,4.62,AIRASIA,32.57,"Travel, Leisure & Hospitality",6/3/2019 13:15,77790
0.06,34610,0.055,44821,0,0,7243,,5/3/2019,0.055,0.06,0.055,43,MAINBIO OSMO BERHAD,1,0.055,,BIOOSMO,,Food & Beverages,5/3/2019 13:13,11890
1.32,1160,1.31,5125,-3.68,-0.05,5141,,5/3/2019,1.45,1.31,1.29,1264,MAINDAYANG ENTERPRISE HOLDINGS BERHAD,1,1.38,7.71,DAYANG,14.53,"Energy Infrastructure, Equipment & Services",5/3/2019 13:13,649659
0.3,50,0.295,300,3.51,0.01,191,4.41,5/3/2019,0.315,0.3,0.285,52,ACECABNET HOLDINGS BERHAD,1,0.285,11.17,CABNET,10.04,Technology Equipment,5/3/2019 13:13,5138
2.8,55,2.79,1440,-0.71,-0.02,5099,18.64,5/3/2019,2.82,2.79,2.76,9324,MAINAIRASIA GROUP BERHAD,1,2.8,4.61,AIRASIA,32.57,"Travel, Leisure & Hospitality",5/3/2019 13:13,102196
0.285,301,0.275,1523,11.76,0.03,191,4.56,4/3/2019,0.285,0.29,0.255,50,ACECABNET HOLDINGS BERHAD,1,0.255,10.8,CABNET,10.04,Technology Equipment,4/3/2019 15:54,7405
1.37,3644,1.36,5187,15.25,0.18,5141,,4/3/2019,1.41,1.36,1.23,1312,MAINDAYANG ENTERPRISE HOLDINGS BERHAD,1,1.23,8,DAYANG,14.53,"Energy Infrastructure, Equipment & Services",4/3/2019 15:54,985665
2.82,1317,2.81,1879,2.55,0.07,5099,18.51,4/3/2019,2.84,2.81,2.75,9391,MAINAIRASIA GROUP BERHAD,1,2.75,4.64,AIRASIA,32.57,"Travel, Leisure & Hospitality",4/3/2019 15:54,146086
0.06,36910,0.055,59183,0,0,7243,,4/3/2019,0.06,0.06,0.055,43,MAINBIO OSMO BERHAD,1,0.055,,BIOOSMO,,Food & Beverages,4/3/2019 15:54,6850
0.255,70,0.25,350,2,0.005,191,5.1,3/3/2019,0.255,0.26,0.255,45,ACECABNET HOLDINGS BERHAD,1,0.255,9.66,CABNET,10.04,Technology Equipment,3/3/2019 15:40,100
1.19,4652,1.18,12086,18,0.18,5141,,3/3/2019,1.18,1.18,0.99,1138,MAINDAYANG ENTERPRISE HOLDINGS BERHAD,1,1.01,6.94,DAYANG,14.53,"Energy Infrastructure, Equipment & Services",3/3/2019 15:40,644954
0.06,45740,0.055,49985,0,0,7243,,3/3/2019,0.06,0.06,0.055,43,MAINBIO OSMO BERHAD,1,0.06,,BIOOSMO,,Food & Beverages,3/3/2019 15:40,3350
2.76,646,2.74,2061,-1.08,-0.03,5099,18.98,3/3/2019,2.79,2.74,2.69,9157,MAINAIRASIA GROUP BERHAD,1,2.77,4.52,AIRASIA,32.57,"Travel, Leisure & Hospitality",3/3/2019 15:40,260159
1.19,4652,1.18,12086,18,0.18,5141,,2/3/2019,1.18,1.18,0.99,1138,MAINDAYANG ENTERPRISE HOLDINGS BERHAD,1,1.01,6.94,DAYANG,14.53,"Energy Infrastructure, Equipment & Services",2/3/2019 13:14,644954
0.06,45740,0.055,49985,0,0,7243,,2/3/2019,0.06,0.06,0.055,43,MAINBIO OSMO BERHAD,1,0.06,,BIOOSMO,,Food & Beverages,2/3/2019 13:14,3350
0.255,70,0.25,350,2,0.005,191,5.1,2/3/2019,0.255,0.26,0.255,45,ACECABNET HOLDINGS BERHAD,1,0.255,9.66,CABNET,10.04,Technology Equipment,2/3/2019 13:14,100
2.76,646,2.74,2061,-1.08,-0.03,5099,18.98,2/3/2019,2.79,2.74,2.69,9157,MAINAIRASIA GROUP BERHAD,1,2.77,4.52,AIRASIA,32.57,"Travel, Leisure & Hospitality",2/3/2019 13:14,260159
2.76,646,2.74,2061,-1.08,-0.03,5099,18.98,1/3/2019,2.79,2.74,2.69,9157,MAINAIRASIA GROUP BERHAD,1,2.77,4.52,AIRASIA,32.57,"Travel, Leisure & Hospitality",1/3/2019 16:57,260159
1.19,4652,1.18,12086,18,0.18,5141,,1/3/2019,1.18,1.18,0.99,1138,MAINDAYANG ENTERPRISE HOLDINGS BERHAD,1,1.01,6.94,DAYANG,14.53,"Energy Infrastructure, Equipment & Services",1/3/2019 16:57,644954
0.255,70,0.25,350,2,0.005,191,5.1,1/3/2019,0.255,0.26,0.255,45,ACECABNET HOLDINGS BERHAD,1,0.255,9.66,CABNET,10.04,Technology Equipment,1/3/2019 16:57,100
0.06,45740,0.055,49985,0,0,7243,,1/3/2019,0.06,0.06,0.055,43,MAINBIO OSMO BERHAD,1,0.06,,BIOOSMO,,Food & Beverages,1/3/2019 16:57,3350
1,54880,0.995,4125,0,0,5141,,28/2/2019,1.04,1,0.995,964,MAINDAYANG ENTERPRISE HOLDINGS BERHAD,1,1.03,5.88,DAYANG,14.53,"Energy Infrastructure, Equipment & Services",28/2/2019 11:58,289586
2.78,690,2.77,1479,-8.88,-0.27,5099,18.77,28/2/2019,2.87,2.77,2.75,9257,MAINAIRASIA GROUP BERHAD,1,2.85,4.57,AIRASIA,32.57,"Travel, Leisure & Hospitality",28/2/2019 11:58,746767
0.06,53440,0.055,45930,0,0,7243,,28/2/2019,0.055,0.06,0.055,43,MAINBIO OSMO BERHAD,1,0.055,,BIOOSMO,,Food & Beverages,28/2/2019 11:58,30889
0.255,100,0.25,1,2.04,0.005,191,5.2,28/2/2019,0.26,0.25,0.24,44,ACECABNET HOLDINGS BERHAD,1,0.24,9.47,CABNET,10.04,Technology Equipment,28/2/2019 11:58,1170
0.255,136,0.24,340,8.51,0.02,191,5.1,26/2/2019,0.275,0.26,0.245,45,ACECABNET HOLDINGS BERHAD,1,0.265,9.66,CABNET,10.04,Technology Equipment,26/2/2019 11:13,8766
0.97,2163,0.965,1794,-5.39,-0.055,5141,,26/2/2019,1.04,0.97,0.95,931,MAINDAYANG ENTERPRISE HOLDINGS BERHAD,1,1.03,5.68,DAYANG,14.53,"Energy Infrastructure, Equipment & Services",26/2/2019 11:13,397137
3.1,271,3.09,514,0.98,0.03,5099,16.77,26/2/2019,3.11,3.1,3.08,10360,MAINAIRASIA GROUP BERHAD,1,3.08,3.71,AIRASIA,32.38,"Travel, Leisure & Hospitality",26/2/2019 11:13,36295
0.06,72249,0.055,99886,0,0,7243,,26/2/2019,0.06,0.06,0.055,43,MAINBIO OSMO BERHAD,1,0.055,,BIOOSMO,,Food & Beverages,26/2/2019 11:13,6280
3.08,481,3.07,572,-1.92,-0.06,5099,16.94,25/2/2019,3.15,3.07,3.06,10260,MAINAIRASIA GROUP BERHAD,1,3.13,3.67,AIRASIA,32.38,"Travel, Leisure & Hospitality",25/2/2019 11:18,63756
0.24,80,0.235,43,0,0,191,5.53,25/2/2019,0.235,0.24,0.225,42,ACECABNET HOLDINGS BERHAD,1,0.225,8.9,CABNET,10.04,Technology Equipment,25/2/2019 11:18,804
1.03,3046,1.02,22661,28.3,0.225,5141,,25/2/2019,1.06,1.02,0.925,984,MAINDAYANG ENTERPRISE HOLDINGS BERHAD,1,0.97,6,DAYANG,14.53,"Energy Infrastructure, Equipment & Services",25/2/2019 11:18,1527698
0.06,69104,0.055,94927,0,0,7243,,25/2/2019,0.06,0.06,0.055,43,MAINBIO OSMO BERHAD,1,0.055,,BIOOSMO,,Food & Beverages,25/2/2019 11:18,33200
